article_ref,titre,contenu,url,source,date_collecte,type,processed_at
R4222-1,R4222-1,"R4222-1Source :Code du travail- Mis à jour le :01/05/2008Dans les locaux fermés où les travailleurs sont appelés à séjourner, l'air est renouvelé de façon à :1° Maintenir un état de pureté de l'atmosphère propre à préserver la santé des travailleurs ;2° Eviter les élévations exagérées de température, les odeurs désagréables et les condensations.Avez-vous trouvé la réponse à votre question ?NonOuiArticles liés:Travail dans le froid : ressourcesSanté et sécurité : conception et aménagement des lieux de travailChaleur et canicule au travail : un cadre règlementaire renforcéSanté et sécurité : utilisation et aménagement des lieux de travailPartager la pageFacebookX (anciennement Twitter)LinkedinCourrielWhatsappLien de copie",https://code.travail.gouv.fr/code-du-travail/r4222-1,CDTN (Scraping Web),2026-01-20 16:45:33.009350,REGLEMENTATION,2026-01-20 16:49:58.610427
R4222-2,R4222-2,"R4222-2Source :Code du travail- Mis à jour le :01/05/2008Les règles applicables à l'aération, à la ventilation et à l'assainissement des locaux sont fixées suivant la nature et les caractéristiques de ces locaux.Avez-vous trouvé la réponse à votre question ?NonOuiArticles liés:Les risques liés à la peinture par pulvérisation : sources réglementairesLes risques liés aux peintures à l'eau : sources réglementairesLes risques professionnels liés au monoxyde de carbone : sources réglementairesLes congés pour événements familiaux et le congé de deuilPartager la pageFacebookX (anciennement Twitter)LinkedinCourrielWhatsappLien de copie",https://code.travail.gouv.fr/code-du-travail/r4222-2,CDTN (Scraping Web),2026-01-20 16:45:35.911173,REGLEMENTATION,2026-01-20 16:49:58.610427
R4222-3,R4222-3,"R4222-3Source :Code du travail- Mis à jour le :01/05/2008Pour l'application du présent chapitre, on entend par :1° Air neuf, l'air pris à l'air libre hors des sources de pollution ;2° Air recyclé, l'air pris et réintroduit dans un local ou un groupe de locaux. L'air pris hors des points de captage de polluants et réintroduit dans le même local après conditionnement thermique n'est pas considéré comme de l'air recyclé ;3° Locaux à pollution non spécifique, les locaux dans lesquels la pollution est liée à la seule présence humaine, à l'exception des locaux sanitaires ;4° Locaux à pollution spécifique, les locaux dans lesquels des substances dangereuses ou gênantes sont émises sous forme de gaz, vapeurs, aérosols solides ou liquides autres que celles qui sont liées à la seule présence humaine ainsi que locaux pouvant contenir des sources de micro-organismes potentiellement pathogènes et locaux sanitaires ;5° Ventilation mécanique, la ventilation assurée par une installation mécanique ;6°",https://code.travail.gouv.fr/code-du-travail/r4222-3,CDTN (Scraping Web),2026-01-20 16:45:37.338315,REGLEMENTATION,2026-01-20 16:49:58.610427
R4222-4,R4222-4,"R4222-4Source :Code du travail- Mis à jour le :01/05/2008Dans les locaux à pollution non spécifique, l'aération est assurée soit par ventilation mécanique, soit par ventilation naturelle permanente.Dans ce dernier cas, les locaux comportent des ouvrants donnant directement sur l'extérieur et leurs dispositifs de commande sont accessibles aux occupants.Avez-vous trouvé la réponse à votre question ?NonOuiArticles liés:Les risques professionnels liés au monoxyde de carbone : les moyens de préventionSanté et sécurité : conception et aménagement des lieux de travailLa prévention des risques dans les espaces confinés : les moyens de préventionSalariés détachés : l'hébergementPartager la pageFacebookX (anciennement Twitter)LinkedinCourrielWhatsappLien de copie",https://code.travail.gouv.fr/code-du-travail/r4222-4,CDTN (Scraping Web),2026-01-20 16:45:38.731512,REGLEMENTATION,2026-01-20 16:49:58.610427
R4222-5,R4222-5,"R4222-5Source :Code du travail- Mis à jour le :01/05/2008L'aération par ventilation naturelle, assurée exclusivement par ouverture de fenêtres ou autres ouvrants donnant directement sur l'extérieur, est autorisée lorsque le volume par occupant est égal ou supérieur à :1° 15 mètres cubes pour les bureaux et les locaux où est accompli un travail physique léger ;2° 24 mètres cubes pour les autres locaux.Avez-vous trouvé la réponse à votre question ?NonOuiArticles liés:Cadre général du détachement des salariés : les conditions d'hébergement des salariésSalariés détachés : l'hébergementUne salariée peut-elle allaiter pendant les heures de travail ?Santé et sécurité : conception et aménagement des lieux de travailPartager la pageFacebookX (anciennement Twitter)LinkedinCourrielWhatsappLien de copie",https://code.travail.gouv.fr/code-du-travail/r4222-5,CDTN (Scraping Web),2026-01-20 16:45:40.147467,REGLEMENTATION,2026-01-20 16:49:58.610427
R4222-6,R4222-6,"R4222-6Source :Code du travail- Mis à jour le :01/05/2008Lorsque l'aération est assurée par ventilation mécanique, le débit minimal d'air neuf à introduire par occupant est fixé dans le tableau suivant :DESIGNATION DES LOCAUXDEBIT MINIMALd'air neuf par occupant(en mètres cubes par heures)Bureaux, locaux sans travail physique25Locaux de restauration, locaux de vente, locaux de réunion30Ateliers et locaux avec travail physique léger45Autres ateliers et locaux60Avez-vous trouvé la réponse à votre question ?NonOuiArticles liés:Santé et sécurité : conception et aménagement des lieux de travailPartager la pageFacebookX (anciennement Twitter)LinkedinCourrielWhatsappLien de copie",https://code.travail.gouv.fr/code-du-travail/r4222-6,CDTN (Scraping Web),2026-01-20 16:45:41.550852,REGLEMENTATION,2026-01-20 16:49:58.610427
R4222-10,R4222-10,"R4222-10Source :Code du travail- Mis à jour le :01/07/2023Dans les locaux à pollution spécifique, les concentrations moyennes en poussières totales et alvéolaires de l'atmosphère inhalée par un travailleur, évaluées sur une période de huit heures, ne doivent pas dépasser respectivement 4 et 0,9 milligrammes par mètre cube d'air.NOTAConformément au A du IV de l’article 4 du décret n° 2021-1763 du 23 décembre 2021, ces dispositions entrent en vigueur le 1erjuillet 2023.Avez-vous trouvé la réponse à votre question ?NonOuiArticles liés:La prévention des risques liés aux poussières : sources réglementairesSanté et sécurité : conception et aménagement des lieux de travailPartager la pageFacebookX (anciennement Twitter)LinkedinCourrielWhatsappLien de copie",https://code.travail.gouv.fr/code-du-travail/r4222-10,CDTN (Scraping Web),2026-01-20 16:45:42.990747,REGLEMENTATION,2026-01-20 16:49:58.610427
R4222-11,R4222-11,"R4222-11Source :Code du travail- Mis à jour le :01/05/2008Pour chaque local à pollution spécifique, la ventilation est réalisée et son débit déterminé en fonction de la nature et de la quantité des polluants ainsi que, le cas échéant, de la quantité de chaleur à évacuer, sans que le débit minimal d'air neuf puisse être inférieur aux valeurs fixées à l'articleR. 4222-6.Lorsque l'air provient de locaux à pollution non spécifique, il est tenu compte du nombre total d'occupants des locaux desservis pour déterminer le débit minimal d'entrée d'air neuf.Avez-vous trouvé la réponse à votre question ?NonOuiArticles liés:La ventilation : comment capter les polluants ?Les risques liés aux soudures et fumées de soudage : sources réglementairesMéthodes et stratégie de prélèvements atmosphériques individuels : stratégie de prélèvements atmosphériques individuels : comment procéder ?Santé et sécurité : conception et aménagement des lieux de travailPartager la pageFacebookX (anciennement Twitter)Linke",https://code.travail.gouv.fr/code-du-travail/r4222-11,CDTN (Scraping Web),2026-01-20 16:45:46.063615,REGLEMENTATION,2026-01-20 16:49:58.610427
R4222-12,R4222-12,"R4222-12Source :Code du travail- Mis à jour le :01/05/2008Les émissions sous forme de gaz, vapeurs, aérosols de particules solides ou liquides, de substances insalubres, gênantes ou dangereuses pour la santé des travailleurs sont supprimées, y compris, par la mise en œuvre de procédés d'humidification en cas de risque de suspension de particules, lorsque les techniques de production le permettent.A défaut, elles sont captées au fur et à mesure de leur production, au plus près de leur source d'émission et aussi efficacement que possible, notamment en tenant compte de la nature, des caractéristiques et du débit des polluants ainsi que des mouvements de l'air.S'il n'est techniquement pas possible de capter à leur source la totalité des polluants, les polluants résiduels sont évacués par la ventilation générale du local.Avez-vous trouvé la réponse à votre question ?NonOuiArticles liés:Les risques liés aux soudures et fumées de soudage : sources réglementairesLes filtres de protection respi",https://code.travail.gouv.fr/code-du-travail/r4222-12,CDTN (Scraping Web),2026-01-20 16:45:48.867747,REGLEMENTATION,2026-01-20 16:49:58.610427
R4222-13,R4222-13,"R4222-13Source :Code du travail- Mis à jour le :01/01/2022Les installations de captage et de ventilation sont réalisées de telle sorte que les concentrations dans l'atmosphère ne soient dangereuses en aucun point pour la santé et la sécurité des travailleurs et qu'elles restent inférieures aux valeurs limites d'exposition fixées à l'articleR. 4412-149.Lorsque les limites des concentrations mentionnées à l'articleR. 4222-10ne peuvent être respectées en tout point d'un local à pollution spécifique, l'employeur met en œuvre les mesures organisationnelles nécessaires pour que l'exposition des travailleurs ne dépasse pas en moyenne ces limites sur une période de huit heures.Les dispositifs d'entrée d'air compensant les volumes extraits sont conçus et disposés de façon à ne pas réduire l'efficacité des systèmes de captage.Un dispositif d'avertissement automatique signale toute défaillance des installations de captage qui n'est pas directement décelable par les occupants des locaux.NOTAConfor",https://code.travail.gouv.fr/code-du-travail/r4222-13,CDTN (Scraping Web),2026-01-20 16:45:51.765971,REGLEMENTATION,2026-01-20 16:49:58.610427
R4222-14,R4222-14,"R4222-14Source :Code du travail- Mis à jour le :01/05/2008L'air provenant d'un local à pollution spécifique ne peut être recyclé que s'il est efficacement épuré. Il ne peut être envoyé après recyclage dans d'autres locaux que si la pollution de tous les locaux concernés est de même nature. En cas de recyclage, les concentrations de poussières et substances dans l'atmosphère du local doivent demeurer inférieures aux valeurs limites d'exposition professionnelle définies aux articlesR. 4222-10,R. 4412-149etR. 4412-150.Avez-vous trouvé la réponse à votre question ?NonOuiArticles liés:Les risques liés aux soudures et fumées de soudage : sources réglementairesLa prévention des risques liés aux fluides d'usinage : sources réglementairesLes risques liés à l'hydrogène sulfuré : sources réglementairesLes risques liés à l'acide chlorhydrique ou chlorure d’hydrogène : sources réglementairesPartager la pageFacebookX (anciennement Twitter)LinkedinCourrielWhatsappLien de copie",https://code.travail.gouv.fr/code-du-travail/r4222-14,CDTN (Scraping Web),2026-01-20 16:45:53.224621,REGLEMENTATION,2026-01-20 16:49:58.610427
R4222-15,R4222-15,"R4222-15Source :Code du travail- Mis à jour le :01/05/2008Des prescriptions particulières, prises en application du 3° de l'articleL. 4111-6, interdisent ou limitent, le cas échéant, l'utilisation du recyclage pour certaines catégories de substances ou catégories de locaux.Avez-vous trouvé la réponse à votre question ?NonOuiArticles liés:La prévention des risques liés aux éthers de glycol : sources réglementairesSalariés détachés : l'hébergementJeune de 15 à moins de 18 ans en entreprise : travaux interdits et travaux réglementésSalariés détachés : la santé-sécurité au travail et les accidents du travailPartager la pageFacebookX (anciennement Twitter)LinkedinCourrielWhatsappLien de copie",https://code.travail.gouv.fr/code-du-travail/r4222-15,CDTN (Scraping Web),2026-01-20 16:45:54.632888,REGLEMENTATION,2026-01-20 16:49:58.610427
R4222-16,R4222-16,"R4222-16Source :Code du travail- Mis à jour le :01/05/2008Les installations de recyclage comportent un système de surveillance permettant de déceler les défauts des dispositifs d'épuration. En cas de défaut, les mesures nécessaires sont prises par l'employeur pour maintenir le respect des valeurs limites d'exposition professionnelle définies aux articlesR. 4222-10etR. 4412-149, le cas échéant, en arrêtant le recyclage.Avez-vous trouvé la réponse à votre question ?NonOuiArticles liés:Les risques liés à l'acide chlorhydrique ou chlorure d’hydrogène : sources réglementairesLes risques liés à l'acide fluorhydrique ou fluorure d’hydrogène : sources réglementairesLa prévention des risques liés aux poussières : sources réglementairesLes valeurs limites d’exposition professionnelle aux risques chimiques : sources réglementairesPartager la pageFacebookX (anciennement Twitter)LinkedinCourrielWhatsappLien de copie",https://code.travail.gouv.fr/code-du-travail/r4222-16,CDTN (Scraping Web),2026-01-20 16:45:59.280383,REGLEMENTATION,2026-01-20 16:49:58.610427
R4222-17,R4222-17,"R4222-17Source :Code du travail- Mis à jour le :01/01/2018En cas de recyclage de l'air, les conditions du recyclage sont portées à la connaissance du médecin du travail, des membres du                    comité social et économique.Ces personnes sont également consultées sur toute nouvelle installation ou toute modification des conditions de recyclage.Avez-vous trouvé la réponse à votre question ?NonOuiArticles liés:Un salarié peut-il être dispensé de la visite médicale d'embauche ?Le travail de nuit : de quel suivi de son état de santé le travailleur de nuit bénéficie-t-il ?Un travailleur temporaire est-il suivi par la médecine du travail ?Méthodes et stratégie de prélèvements atmosphériques individuels : stratégie de prélèvements atmosphériques individuels : comment procéder ?Partager la pageFacebookX (anciennement Twitter)LinkedinCourrielWhatsappLien de copie",https://code.travail.gouv.fr/code-du-travail/r4222-17,CDTN (Scraping Web),2026-01-20 16:46:02.336752,REGLEMENTATION,2026-01-20 16:49:58.610427
R4222-18,R4222-18,"R4222-18Source :Code du travail- Mis à jour le :01/05/2008L'atmosphère des locaux de travail et de leurs dépendances est tenu constamment à l'abri de toute émanation provenant d'égouts, fosses, puisards, fosses d'aisances ou de toute autre source d'infection.Avez-vous trouvé la réponse à votre question ?NonOuiArticles liés:Travail dans le froid : ressourcesSanté et sécurité : conception et aménagement des lieux de travailSalariés détachés : l'hébergementChaleur et canicule au travail : un cadre règlementaire renforcéPartager la pageFacebookX (anciennement Twitter)LinkedinCourrielWhatsappLien de copie",https://code.travail.gouv.fr/code-du-travail/r4222-18,CDTN (Scraping Web),2026-01-20 16:46:05.916502,REGLEMENTATION,2026-01-20 16:49:58.610427
R4222-19,R4222-19,"R4222-19Source :Code du travail- Mis à jour le :01/05/2008Dans les établissements qui déversent les eaux résiduaires ou de lavage dans un égout public ou privé, toute communication entre l'égout et l'établissement est munie d'un intercepteur hydraulique.Cet intercepteur hydraulique est fréquemment nettoyé, et sa garde d'eau assurée en permanence.Avez-vous trouvé la réponse à votre question ?NonOuiArticles liés:Travail et Covid-19 : quelles sont les règles ?Santé et sécurité : utilisation et aménagement des lieux de travailLe travail du dimanche : quelles sont les dérogations reposant sur un fondement géographique ?Règlement intérieur d'une entreprisePartager la pageFacebookX (anciennement Twitter)LinkedinCourrielWhatsappLien de copie",https://code.travail.gouv.fr/code-du-travail/r4222-19,CDTN (Scraping Web),2026-01-20 16:46:09.005829,REGLEMENTATION,2026-01-20 16:49:58.610427
R4222-20,R4222-20,R4222-20Source :Code du travail- Mis à jour le :01/05/2008L'employeur maintient l'ensemble des installations mentionnées au présent chapitre en bon état de fonctionnement et en assure régulièrement le contrôle.Avez-vous trouvé la réponse à votre question ?NonOuiArticles liés:La prévention des risques liés aux poussières : les moyens de préventionLes risques liés à l'hydrogène sulfuré : les moyens de préventionLes risques liés aux grues à tour : les moyens de préventionLa prévention des risques dans les espaces confinés : les moyens de préventionPartager la pageFacebookX (anciennement Twitter)LinkedinCourrielWhatsappLien de copie,https://code.travail.gouv.fr/code-du-travail/r4222-20,CDTN (Scraping Web),2026-01-20 16:46:12.348268,REGLEMENTATION,2026-01-20 16:49:58.610427
R4222-21,R4222-21,"R4222-21Source :Code du travail- Mis à jour le :01/01/2018L'employeur indique dans une consigne d'utilisation les dispositions prises pour la ventilation et fixe les mesures à prendre en cas de panne des installations.Cette consigne est établie en tenant compte, s'il y a lieu, des indications de la notice d'instructions fournie par le maître d'ouvrage conformément à l'articleR. 4212-7.Elle est soumise à l'avis du médecin du travail, du                    comité social et économique.Avez-vous trouvé la réponse à votre question ?NonOuiArticles liés:Santé et sécurité : conception et aménagement des lieux de travailSanté et sécurité : utilisation et aménagement des lieux de travailLa protection de la santé des jeunes travailleurs : la réglementation du travail concernant les jeunes (web série droit du travail)Partager la pageFacebookX (anciennement Twitter)LinkedinCourrielWhatsappLien de copie",https://code.travail.gouv.fr/code-du-travail/r4222-21,CDTN (Scraping Web),2026-01-20 16:46:13.722112,REGLEMENTATION,2026-01-20 16:49:58.610427
R4222-22,R4222-22,"R4222-22Source :Code du travail- Mis à jour le :01/05/2008Des arrêtés conjoints des ministres chargés du travail et de l'agriculture fixent :1° Les méthodes de mesure de concentration, de débit, d'efficacité de captage, de filtration et d'épuration ;2° La nature et la fréquence du contrôle des installations mentionnées au présent chapitre.Avez-vous trouvé la réponse à votre question ?NonOuiArticles liés:Les masques de protection respiratoire : quels sont les différents types de masques ?Partager la pageFacebookX (anciennement Twitter)LinkedinCourrielWhatsappLien de copie",https://code.travail.gouv.fr/code-du-travail/r4222-22,CDTN (Scraping Web),2026-01-20 16:46:15.158379,REGLEMENTATION,2026-01-20 16:49:58.610427
R4222-23,R4222-23,"R4222-23Source :Code du travail- Mis à jour le :01/05/2008Dans les puits, conduites de gaz, carneaux, conduits de fumée, cuves, réservoirs, citernes, fosses, galeries et dans les lieux où il n'est pas possible d'assurer de manière permanente le respect des dispositions du présent chapitre, les travaux ne sont entrepris qu'après vérification de l'absence de risque pour la santé et la sécurité des travailleurs et, le cas échéant, après assainissement de l'atmosphère et vidange du contenu.Avez-vous trouvé la réponse à votre question ?NonOuiArticles liés:La prévention des risques dans les espaces confinés : données généralesLa prévention des risques dans les espaces confinés : pour en savoir plusLes risques liés à l'hydrogène sulfuré : les moyens de préventionJeune de 15 à moins de 18 ans en entreprise : travaux interdits et travaux réglementésPartager la pageFacebookX (anciennement Twitter)LinkedinCourrielWhatsappLien de copie",https://code.travail.gouv.fr/code-du-travail/r4222-23,CDTN (Scraping Web),2026-01-20 16:46:16.970983,REGLEMENTATION,2026-01-20 16:49:58.610427
R4222-24,R4222-24,"R4222-24Source :Code du travail- Mis à jour le :01/05/2008Pendant l'exécution des travaux, la ventilation est réalisée suivant les prescriptions de l'articleR. 4222-6ouR. 4222-11, selon qu'il s'agit d'un local à pollution non spécifique ou d'un local à pollution spécifique, de manière à maintenir la salubrité de l'atmosphère et à en assurer un balayage permanent, sans préjudice, pour les travaux souterrains, des dispositions des articlesR. 4534-43 à R. 4534-49.Avez-vous trouvé la réponse à votre question ?NonOuiArticles liés:Les risques liés aux soudures et fumées de soudage : sources réglementairesLa prévention des risques dans les espaces confinés : les moyens de préventionLes masques de protection respiratoire : quels sont les différents types de masques ?Santé et sécurité : conception et aménagement des lieux de travailPartager la pageFacebookX (anciennement Twitter)LinkedinCourrielWhatsappLien de copie",https://code.travail.gouv.fr/code-du-travail/r4222-24,CDTN (Scraping Web),2026-01-20 16:46:19.952171,REGLEMENTATION,2026-01-20 16:49:58.610427
R4222-25,R4222-25,"R4222-25Source :Code du travail- Mis à jour le :01/05/2008Si l'exécution des mesures de protection collective prévues par le présent chapitre est impossible, des équipements de protection individuelle sont mis à la disposition des travailleurs.Ces équipements sont choisis et adaptés en fonction de la nature des travaux à accomplir et présentent des caractéristiques d'efficacité compatibles avec la nature du risque auquel les travailleurs sont exposés. Ils ne doivent pas les gêner dans leur travail ni, autant que possible, réduire leur champ visuel.Avez-vous trouvé la réponse à votre question ?NonOuiArticles liés:Les risques liés aux rayonnages de stockage : sources réglementairesLa prévention des chutes de hauteur : obligations réglementairesLa prévention des risques dans les espaces confinés : les moyens de préventionTravail dans le froid : ressourcesPartager la pageFacebookX (anciennement Twitter)LinkedinCourrielWhatsappLien de copie",https://code.travail.gouv.fr/code-du-travail/r4222-25,CDTN (Scraping Web),2026-01-20 16:46:23.803819,REGLEMENTATION,2026-01-20 16:49:58.610427
R4222-26,R4222-26,"R4222-26Source :Code du travail- Mis à jour le :01/05/2008L'employeur prend les mesures nécessaires pour que les équipements de protection individuelle soient effectivement utilisés, maintenus en bon état de fonctionnement et désinfectés avant d'être attribués à un nouveau titulaire.Avez-vous trouvé la réponse à votre question ?NonOuiArticles liés:Un local vestiaire est-il obligatoire dans l'entreprise ?Salariés détachés : l'hébergementCDD : quels sont les droits individuels des salariés sous contrat à durée déterminée ?CDD : quels sont les droits individuels des salariés sous contrat à durée déterminée ?Partager la pageFacebookX (anciennement Twitter)LinkedinCourrielWhatsappLien de copie",https://code.travail.gouv.fr/code-du-travail/r4222-26,CDTN (Scraping Web),2026-01-20 16:46:27.479632,REGLEMENTATION,2026-01-20 16:49:58.610427
R4212-1,R4212-1,R4212-1Source :Code du travail- Mis à jour le :01/05/2008Le maître d'ouvrage conçoit et réalise les bâtiments et leurs aménagements de façon à ce que les locaux fermés dans lesquels les travailleurs sont appelés à séjourner soient conformes aux règles d'aération et d'assainissement prévues aux articlesR. 4222-1 à R. 4222-17.Avez-vous trouvé la réponse à votre question ?NonOuiArticles liés:Santé et sécurité : conception et aménagement des lieux de travailSanté et sécurité : utilisation et aménagement des lieux de travailLe contrat à durée déterminée (CDD) en vidéo (web série droit du travail)Le contrat à durée déterminée (CDD) en vidéo (web série droit du travail)Partager la pageFacebookX (anciennement Twitter)LinkedinCourrielWhatsappLien de copie,https://code.travail.gouv.fr/code-du-travail/r4212-1,CDTN (Scraping Web),2026-01-20 16:46:28.915436,REGLEMENTATION,2026-01-20 16:49:58.610427
R4212-2,R4212-2,"R4212-2Source :Code du travail- Mis à jour le :01/05/2008Les installations de ventilation sont conçues de manière à :1° Assurer le renouvellement de l'air en tous points des locaux ;2° Ne pas provoquer, dans les zones de travail, de gêne résultant notamment de la vitesse, de la température et de l'humidité de l'air, des bruits et des vibrations ;3° Ne pas entraîner d'augmentation significative des niveaux sonores résultant des activités envisagées dans les locaux.Avez-vous trouvé la réponse à votre question ?NonOuiArticles liés:Santé et sécurité : conception et aménagement des lieux de travailLe bruit en milieu de travail : données généralesLa ventilation : comment capter les polluants ?La prévention des risques liés à la circulation interne dans les locaux : quels sont les risques ?Partager la pageFacebookX (anciennement Twitter)LinkedinCourrielWhatsappLien de copie",https://code.travail.gouv.fr/code-du-travail/r4212-2,CDTN (Scraping Web),2026-01-20 16:46:30.346891,REGLEMENTATION,2026-01-20 16:49:58.610427
R4212-3,R4212-3,"R4212-3Source :Code du travail- Mis à jour le :01/05/2008Toutes dispositions sont prises lors de l'installation des équipements de ventilation, de captage ou de recyclage pour permettre leur entretien régulier et les contrôles ultérieurs d'efficacité.Avez-vous trouvé la réponse à votre question ?NonOuiArticles liés:Les risques liés aux soudures et fumées de soudage : pour en savoir plusSanté et sécurité : conception et aménagement des lieux de travailTélétravail dans le secteur privéQuelles sont les modalités de mise en œuvre de l’APLD au sein de l’établissement ?Partager la pageFacebookX (anciennement Twitter)LinkedinCourrielWhatsappLien de copie",https://code.travail.gouv.fr/code-du-travail/r4212-3,CDTN (Scraping Web),2026-01-20 16:46:31.722030,REGLEMENTATION,2026-01-20 16:49:58.610427
R4212-4,R4212-4,R4212-4Source :Code du travail- Mis à jour le :01/05/2008Les parois internes des circuits d'arrivée d'air ne comportent pas de matériaux qui peuvent se désagréger ou se décomposer en émettant des poussières ou des substances dangereuses pour la santé des travailleurs.Avez-vous trouvé la réponse à votre question ?NonOuiArticles liés:La prévention des risques liés aux poussières : données généralesLa ventilation : comment capter les polluants ?Méthodes et stratégie de prélèvements atmosphériques individuels : stratégie de prélèvements atmosphériques individuels : comment procéder ?Les risques liés aux soudures et fumées de soudage : pour en savoir plusPartager la pageFacebookX (anciennement Twitter)LinkedinCourrielWhatsappLien de copie,https://code.travail.gouv.fr/code-du-travail/r4212-4,CDTN (Scraping Web),2026-01-20 16:46:33.352620,REGLEMENTATION,2026-01-20 16:49:58.610427
R4212-5,R4212-5,"R4212-5Source :Code du travail- Mis à jour le :01/05/2008Dans les locaux à pollution non spécifique définis à l'articleR. 4222-3, le maître d'ouvrage :1 Prévoit un système de filtration de l'air neuf lorsqu'il existe un risque de pollution de cet air par des particules solides et que son introduction est mécanique ;2 Prend les mesures nécessaires pour que l'air pollué en provenance des locaux à pollution spécifique définis à l'article précité ne pénètre pas.Avez-vous trouvé la réponse à votre question ?NonOuiArticles liés:Les risques liés à la peinture par pulvérisation : pour en savoir plusLes risques liés aux soudures et fumées de soudage : sources réglementairesSanté et sécurité : conception et aménagement des lieux de travailLa prévention des risques dans les espaces confinés : les moyens de préventionPartager la pageFacebookX (anciennement Twitter)LinkedinCourrielWhatsappLien de copie",https://code.travail.gouv.fr/code-du-travail/r4212-5,CDTN (Scraping Web),2026-01-20 16:46:34.709134,REGLEMENTATION,2026-01-20 16:49:58.610427
R4212-6,R4212-6,"R4212-6Source :Code du travail- Mis à jour le :01/05/2008Le maître d'ouvrage prévoit dans les locaux sanitaires l'introduction d'un débit minimal d'air déterminé par le tableau suivant :DÉSIGNATION DES LOCAUXDÉBIT MINIMALd'air introduit(en mètres cubespar heure et par local)Cabinet d'aisances isolé (**)30Salle de bains ou de douches isolé (**)45Commune avec un cabinet d'aisances60Bains, douches et cabinets d'aisances groupés30 + 15 N (*)Lavabos groupés10 + 5 N (*)N (*) : nombre d'équipements dans le local(**) : pour un cabinet d'aisances, une salle de bains ou de douches avec ou sans cabinet d'aisances, le débit minimal d'air introduit peut être limité à 15 mètres cubes par heure si ce local n'est pas à usage collectif.Avez-vous trouvé la réponse à votre question ?NonOuiArticles liés:Salariés détachés : l'hébergementPartager la pageFacebookX (anciennement Twitter)LinkedinCourrielWhatsappLien de copie",https://code.travail.gouv.fr/code-du-travail/r4212-6,CDTN (Scraping Web),2026-01-20 16:46:36.066031,REGLEMENTATION,2026-01-20 16:49:58.610427
R4212-7,R4212-7,"R4212-7Source :Code du travail- Mis à jour le :01/05/2008Le maître d'ouvrage précise, dans une notice d'instructions qu'il transmet à l'employeur, les dispositions prises pour la ventilation et l'assainissement des locaux et les informations nécessaires à l'entretien des installations, au contrôle de leur efficacité et à l'établissement de la consigne d'utilisation prévue à l'articleR. 4222-21.Avez-vous trouvé la réponse à votre question ?NonOuiArticles liés:La prévention des risques dans les espaces confinés : les moyens de préventionSanté et sécurité : conception et aménagement des lieux de travailSalariés détachés : l'hébergementLa protection de la santé des jeunes travailleurs : la réglementation du travail concernant les jeunes (web série droit du travail)Partager la pageFacebookX (anciennement Twitter)LinkedinCourrielWhatsappLien de copie",https://code.travail.gouv.fr/code-du-travail/r4212-7,CDTN (Scraping Web),2026-01-20 16:46:37.571209,REGLEMENTATION,2026-01-20 16:49:58.610427
R4412-149,R4412-149,"R4412-149Source :Code du travail- Mis à jour le :05/04/2024Les concentrations des agents chimiques présents dans l'atmosphère des lieux de travail figurant dans le tableau suivant ne doivent pas dépasser, dans la zone de respiration des travailleurs, les valeurs limites d'exposition professionnelle définies ci-après :DénominationNuméroCE (1)Numéro CAS (2)Valeur limited'exposition professionnelleValeur limited'exposition professionnelleObservationsMesurestransitoires8h (3)court terme (4)mg/m3 (5)ppm (6)fibres par cm3mg/m3ppmfibres par cm3Acétate d'éthyle205-500-4141-78-6734200-1468400---Acétate d'isobutyle203-745-1110-19-024150-723150---Acétate d'isopentyle204-662-3123-92-227050-540100---Acétate de 2-butoxyéthyle203-933-3112-07-266,510-33350-Peau (7)-Acétate de 2-éthoxyéthyle203-839-2111-15-9112----Peau (7)-Acétate de n-butyle204-658-1123-86-424150-723150---Acétate de 2-méthoxyéthyle203-772-9110-49-651----Peau (7)-Acétate de 2-méthoxy-1-méthyléthyle203-603-9108-65-627550-550100-Peau (7)",https://code.travail.gouv.fr/code-du-travail/r4412-149,CDTN (Scraping Web),2026-01-20 16:46:40.830441,REGLEMENTATION,2026-01-20 16:49:58.610427
R4412-150,R4412-150,"R4412-150Source :Code du travail- Mis à jour le :01/05/2008Des valeurs limites d'exposition professionnelle indicatives, constituant des objectifs de prévention, peuvent être fixées par arrêté conjoint des ministres chargés du travail et de l'agriculture.Avez-vous trouvé la réponse à votre question ?NonOuiArticles liés:La prévention des risques liés aux poussières : sources réglementairesQuelle est la date du prochain renouvellement des conseils de prud'hommes ?Les risques liés au benzène : pour en savoir plusPénibilité : référentiels professionnels de branche homologuésPartager la pageFacebookX (anciennement Twitter)LinkedinCourrielWhatsappLien de copie",https://code.travail.gouv.fr/code-du-travail/r4412-150,CDTN (Scraping Web),2026-01-20 16:46:42.189552,REGLEMENTATION,2026-01-20 16:49:58.610427
R4412-152,R4412-152,"R4412-152Source :Code du travail- Mis à jour le :01/05/2008Pour les travailleurs exposés au plomb et à ses composés, les valeurs limites biologiques à ne pas dépasser sont fixées à :1° 400 microgrammes de plomb par litre de sang pour les hommes ;2° 300 microgrammes de plomb par litre de sang pour les femmes.Avez-vous trouvé la réponse à votre question ?NonOuiArticles liés:Les risques liés au plomb : sources réglementairesLes risques liés au plomb : les moyens de préventionLes risques liés au plomb : quels sont les risques ?Les risques liés au plomb : pour en savoir plusPartager la pageFacebookX (anciennement Twitter)LinkedinCourrielWhatsappLien de copie",https://code.travail.gouv.fr/code-du-travail/r4412-152,CDTN (Scraping Web),2026-01-20 16:46:43.523475,REGLEMENTATION,2026-01-20 16:49:58.610427
R4412-154,R4412-154,"R4412-154Source :Code du travail- Mis à jour le :01/01/2022Lorsque l'évaluation des risques met en évidence la présence simultanée de poussières alvéolaires contenant de la silice cristalline et d'autres poussières alvéolaires non silicogènes, la valeur limite d'exposition professionnelle correspondant au mélange est fixée par la formule suivante :Cns/5 + Cq/0,1 + Cc/0,05 + Ct/0,05 inférieur ou égal à 1NOTAConformément au II de l’article 4 du décret n° 2021-1763 du 23 décembre 2021, ces dispositions entrent en vigueur le 1erjanvier 2022.Avez-vous trouvé la réponse à votre question ?NonOuiArticles liés:La silicose et les risques liés à la silice cristalline : sources réglementairesLa prévention des risques liés aux poussières : sources réglementairesLa silicose et les risques liés à la silice cristalline : les moyens de préventionLes filtres de protection respiratoire : filtres aérosolsPartager la pageFacebookX (anciennement Twitter)LinkedinCourrielWhatsappLien de copie",https://code.travail.gouv.fr/code-du-travail/r4412-154,CDTN (Scraping Web),2026-01-20 16:46:44.855246,REGLEMENTATION,2026-01-20 16:49:58.610427
R4412-156,R4412-156,"R4412-156Source :Code du travail- Mis à jour le :01/05/2008Les travailleurs exposés au plomb ou à ses composés disposent de deux locaux aménagés en vestiaires collectifs situés près de la sortie de l'établissement, le premier étant exclusivement réservé au rangement des vêtements de ville et le second au rangement des vêtements de travail.Des douches assurent la communication entre les deux vestiaires.Avez-vous trouvé la réponse à votre question ?NonOuiArticles liés:Les risques liés au plomb : les moyens de préventionUn local vestiaire est-il obligatoire dans l'entreprise ?Les risques liés au plomb : sources réglementairesLes risques liés aux soudures et fumées de soudage : sources réglementairesPartager la pageFacebookX (anciennement Twitter)LinkedinCourrielWhatsappLien de copie",https://code.travail.gouv.fr/code-du-travail/r4412-156,CDTN (Scraping Web),2026-01-20 16:46:46.288555,REGLEMENTATION,2026-01-20 16:49:58.610427
R4412-157,R4412-157,"R4412-157Source :Code du travail- Mis à jour le :01/05/2008L'employeur veille à ce que les travailleurs exposés n'accèdent au second vestiaire qu'après avoir déposé dans le premier leurs vêtements de ville et ne pénètrent dans ce dernier, postérieurement à toute intervention les exposant au plomb et à ses composés, qu'après leur passage dans les installations de douches.Avez-vous trouvé la réponse à votre question ?NonOuiArticles liés:Un local vestiaire est-il obligatoire dans l'entreprise ?Les risques liés au plomb : sources réglementairesLes risques liés au plomb : les moyens de préventionSanté et sécurité : utilisation et aménagement des lieux de travailPartager la pageFacebookX (anciennement Twitter)LinkedinCourrielWhatsappLien de copie",https://code.travail.gouv.fr/code-du-travail/r4412-157,CDTN (Scraping Web),2026-01-20 16:46:48.223024,REGLEMENTATION,2026-01-20 16:49:58.610427
R4412-158,R4412-158,"R4412-158Source :Code du travail- Mis à jour le :01/05/2008L'employeur veille à ce que les travailleurs ne mangent pas et ne fument pas en vêtement de travail.Les travailleurs mangent en vêtement de ville ou en combinaison jetable, fournie par l'employeur.Avez-vous trouvé la réponse à votre question ?NonOuiArticles liés:Un local vestiaire est-il obligatoire dans l'entreprise ?Religion dans l'entreprise : quelles sont les règles ?L'employeur doit-il aménager un espace pour la pause déjeuner des salariés ?Contrat adultes-relaisPartager la pageFacebookX (anciennement Twitter)LinkedinCourrielWhatsappLien de copie",https://code.travail.gouv.fr/code-du-travail/r4412-158,CDTN (Scraping Web),2026-01-20 16:46:51.106133,REGLEMENTATION,2026-01-20 16:49:58.610427
R4412-159,R4412-159,"R4412-159Source :Code du travail- Mis à jour le :01/05/2008Lorsque le lavage des vêtements de travail est réalisé par une entreprise extérieure, ces vêtements sont transportés dans des récipients clos, comportant un affichage clairement lisible indiquant la présence de plomb, sans préjudice des dispositions prévues à l'articleR. 4412-73.Avez-vous trouvé la réponse à votre question ?NonOuiArticles liés:Les risques liés au plomb : sources réglementairesLes risques liés au styrène : les moyens de préventionLes risques liés au plomb : les moyens de préventionLes risques liés aux xylènes : les moyens de préventionPartager la pageFacebookX (anciennement Twitter)LinkedinCourrielWhatsappLien de copie",https://code.travail.gouv.fr/code-du-travail/r4412-159,CDTN (Scraping Web),2026-01-20 16:46:52.480710,REGLEMENTATION,2026-01-20 16:49:58.610427
R4412-160,R4412-160,"R4412-160Source :Code du travail- Mis à jour le :01/01/2017Un suivi individuel renforcé des travailleurs est assuré dans les conditions prévues aux articlesR. 4624-22 à R. 4624-28:1° Soit si l'exposition à une concentration de plomb dans l'air est supérieure à 0,05 mg/ m ³, calculée comme une moyenne pondérée en fonction du temps sur une base de huit heures ;2° Soit si une plombémie supérieure à 200 µg/ l de sang pour les hommes ou 100 µg/ l de sang pour les femmes est mesurée chez un travailleur.Avez-vous trouvé la réponse à votre question ?NonOuiArticles liés:Les risques liés au plomb : les moyens de préventionLa silicose et les risques liés à la silice cristalline : sources réglementairesLes risques liés au plomb : quels sont les risques ?Les valeurs limites d’exposition professionnelle aux risques chimiques : comment se mesurent les vlep ?Partager la pageFacebookX (anciennement Twitter)LinkedinCourrielWhatsappLien de copie",https://code.travail.gouv.fr/code-du-travail/r4412-160,CDTN (Scraping Web),2026-01-20 16:46:53.869042,REGLEMENTATION,2026-01-20 16:49:58.610427
R4412-97,R4412-97,"R4412-97Source :Code du travail- Mis à jour le :31/03/2019I. - Le donneur d'ordre, le maître d'ouvrage ou le propriétaire d'immeubles par nature ou par destination, d'équipements, de matériels ou d'articles qui décide d'une opération comportant des risques d'exposition des travailleurs à l'amiante fait réaliser la recherche d'amiante mentionnée à l'articleL. 4412-2dans les conditions prévues par le présent paragraphe.Ces risques, appréciés par la personne mentionnée à l'alinéa précédent, peuvent notamment résulter du fait que l'opération porte sur des immeubles, équipements, matériels ou articles construits ou fabriqués avant l'entrée en vigueur des dispositions du décret n°96-1133du 24 décembre 1996 relatif à l'interdiction de l'amiante, pris en application du code du travail et du code de la consommation ou auxquels l'interdiction prévue par ce décret n'est pas applicable.II. - La recherche d'amiante est assurée par un repérage préalable à l'opération, adapté à sa nature, à son périm",https://code.travail.gouv.fr/code-du-travail/r4412-97,CDTN (Scraping Web),2026-01-20 16:46:56.156581,REGLEMENTATION,2026-01-20 16:49:58.610427
