date_collecte,ville_recherchee,station_nom,aqi,pm25,pm10,no2,o3,so2,url_source,lat,lon,niveau_risque,conseil_qhse,type,processed_at
2026-01-20 16:47:24.215952,Paris,Paris,59,59.0,32.0,18.6,7.4,0.6,https://aqicn.org/city/paris,48.856614,2.3522219,MODÉRÉ,Qualité acceptable. Aérez les locaux.,QUALITE_AIR_TR,2026-01-20 16:50:15.496575
2026-01-20 16:47:28.339256,Marseille,"Marseille 5 Avenues, PACA, France",31,14.0,7.0,2.0,31.3,0.2,https://aqicn.org/city/france/paca/marseille-5-avenues,43.305287,5.394716,BON,Qualité de l'air idéale pour les activités extérieures.,QUALITE_AIR_TR,2026-01-20 16:50:15.496575
2026-01-20 16:47:32.292528,Lyon,"Lyon Trafic Jaurès, France",22,,22.0,17.4,,,https://aqicn.org/city/france/rhonealpes/rhone/lyon-trafic-jaures,45.74972628,4.84439392,BON,Qualité de l'air idéale pour les activités extérieures.,QUALITE_AIR_TR,2026-01-20 16:50:15.496575
2026-01-20 16:47:34.652681,Lille,"Lille Leeds, Nord-Pas-de-Calais, France",61,61.0,8.0,20.6,15.6,1.1,https://aqicn.org/city/france/nord-pas-de-calais/lille-leeds,50.640794444443976,3.074772222222191,MODÉRÉ,Qualité acceptable. Aérez les locaux.,QUALITE_AIR_TR,2026-01-20 16:50:15.496575
2026-01-20 16:47:36.887781,Toulouse,"Toulouse Berthelot, France",23,7.0,3.0,4.9,22.5,,https://aqicn.org/city/france/midipyrenees/toulouse-berthelot,43.5873309,1.444026232,BON,Qualité de l'air idéale pour les activités extérieures.,QUALITE_AIR_TR,2026-01-20 16:50:15.496575
2026-01-20 16:47:39.176750,Nice,"Nice Arson, PACA, France",36,36.0,19.0,2.1,33.0,1.1,https://aqicn.org/city/france/paca/nice-arson,43.702075,7.286256,BON,Qualité de l'air idéale pour les activités extérieures.,QUALITE_AIR_TR,2026-01-20 16:50:15.496575
2026-01-20 16:47:41.460473,Nantes,"Bouteillerie, Nantes, Loire, France",31,16.0,8.0,2.2,31.2,,https://aqicn.org/city/france/loire/nantes/bouteillerie,47.2222,-1.53743,BON,Qualité de l'air idéale pour les activités extérieures.,QUALITE_AIR_TR,2026-01-20 16:50:15.496575
2026-01-20 16:47:43.755885,Strasbourg,"Clemenceau, Strasbourg, Alsace, France",21,63.0,21.0,13.5,2.1,,https://aqicn.org/city/france/alsace/strasbourg/clemenceau,48.59043,7.744983,BON,Qualité de l'air idéale pour les activités extérieures.,QUALITE_AIR_TR,2026-01-20 16:50:15.496575
2026-01-20 16:47:46.447633,Bordeaux,"Grand Parc, Bordeaux, Aquitaine, France",38,38.0,12.0,4.2,22.8,,https://aqicn.org/city/france/aquitaine/bordeaux/grand-parc,44.858413102209,-0.584282227097,BON,Qualité de l'air idéale pour les activités extérieures.,QUALITE_AIR_TR,2026-01-20 16:50:15.496575
2026-01-20 16:47:48.630852,Rennes,"Thabor, Rennes, France",28,18.0,8.0,1.9,28.2,,https://aqicn.org/city/france/bretagne/rennes/thabor,48.11521,-1.673088,BON,Qualité de l'air idéale pour les activités extérieures.,QUALITE_AIR_TR,2026-01-20 16:50:15.496575
2026-01-20 16:47:50.891450,Montpellier,"Prés d'Arènes, LangedocRoussillon, France",35,35.0,13.0,6.3,19.0,,https://aqicn.org/city/france/langedocroussillon/pres-darenes,43.591486,3.886814,BON,Qualité de l'air idéale pour les activités extérieures.,QUALITE_AIR_TR,2026-01-20 16:50:15.496575
2026-01-20 16:47:53.231727,Grenoble,"Grenoble Les Frenes, France",43,43.0,17.0,11.0,10.9,1.1,https://aqicn.org/city/france/rhonealpes/isere/grenoble-les-frenes,45.162232917637,5.73567122388,BON,Qualité de l'air idéale pour les activités extérieures.,QUALITE_AIR_TR,2026-01-20 16:50:15.496575
2026-01-20 16:47:55.462394,Rouen,"Palais De Justice, Rouen, France",25,21.0,,,24.8,1.1,https://aqicn.org/city/france/rouen/palais-de-justice,49.4424766601236,1.0936962257792,BON,Qualité de l'air idéale pour les activités extérieures.,QUALITE_AIR_TR,2026-01-20 16:50:15.496575
2026-01-20 16:47:57.782066,Clermont-Ferrand,"Montferrand, Clermont, Auvergne, France",37,37.0,16.0,9.6,11.2,,https://aqicn.org/city/france/auvergne/clermont/montferrand,45.79806,3.11333,BON,Qualité de l'air idéale pour les activités extérieures.,QUALITE_AIR_TR,2026-01-20 16:50:15.496575
2026-01-20 16:48:00.086859,Nancy,"Charles III, Nancy-Centre, France",67,67.0,29.0,9.6,6.2,0.3,https://aqicn.org/city/france/lorraine/nancy-centre/charles-iii,48.6881386056889,6.190433846941978,MODÉRÉ,Qualité acceptable. Aérez les locaux.,QUALITE_AIR_TR,2026-01-20 16:50:15.496575
2026-01-20 16:48:02.363944,Metz,"Récollets, Metz-Centre, France",40,40.0,7.0,7.0,4.7,1.6,https://aqicn.org/city/france/lorraine/metz-centre/recollets,49.119682835312,6.18092604026791,BON,Qualité de l'air idéale pour les activités extérieures.,QUALITE_AIR_TR,2026-01-20 16:50:15.496575
2026-01-20 16:48:04.707369,Tours,"Pompidou, Tours, France",26,18.0,4.0,13.9,26.1,,https://aqicn.org/city/france/region-centre/tours/pompidou,47.395,0.7046,BON,Qualité de l'air idéale pour les activités extérieures.,QUALITE_AIR_TR,2026-01-20 16:50:15.496575
2026-01-20 16:48:07.102856,Orleans,"Gambetta, Orléans, France",26,9.0,7.0,11.3,25.5,,https://aqicn.org/city/france/region-centre/orleans/gambetta,47.9071,1.90109,BON,Qualité de l'air idéale pour les activités extérieures.,QUALITE_AIR_TR,2026-01-20 16:50:15.496575
2026-01-20 16:48:09.342308,Dijon,"Tremouille, France",14,23.0,14.0,11.5,3.8,,https://aqicn.org/city/france/bourgogne/tremouille,47.325745,5.041056,BON,Qualité de l'air idéale pour les activités extérieures.,QUALITE_AIR_TR,2026-01-20 16:50:15.496575
2026-01-20 16:48:11.855855,Angers,"Roi Rene, Angers, Loire, France",32,20.0,9.0,3.9,32.2,,https://aqicn.org/city/france/loire/angers/roi-rene,47.466937999983,-0.554641,BON,Qualité de l'air idéale pour les activités extérieures.,QUALITE_AIR_TR,2026-01-20 16:50:15.496575
2026-01-20 16:48:18.077738,Le Havre,"Rue  Lafaurie (coté Montant), Le Havre, France",25,25.0,,,,,https://aqicn.org/city/france/le-havre/rue--lafaurie-cote-montant,49.5001917595947,0.110902803971606,BON,Qualité de l'air idéale pour les activités extérieures.,QUALITE_AIR_TR,2026-01-20 16:50:15.496575
2026-01-20 16:48:25.954315,Brest,"Ecole Jean Macé, Brest, France",36,19.0,10.0,3.5,35.6,,https://aqicn.org/city/france/bretagne/brest/jean-mace,48.38618,-4.4866,BON,Qualité de l'air idéale pour les activités extérieures.,QUALITE_AIR_TR,2026-01-20 16:50:15.496575
2026-01-20 16:48:30.044120,Limoges,"Limoges trafic, France",7,,7.0,17.0,,,https://aqicn.org/city/france/limousin/limoges-trafic,45.829949408357,1.25484522882,BON,Qualité de l'air idéale pour les activités extérieures.,QUALITE_AIR_TR,2026-01-20 16:50:15.496575
2026-01-20 16:48:34.056727,Amiens,"St Pierre Amiens, Picardie, France",50,50.0,14.0,5.1,9.4,3.1,https://aqicn.org/city/france/picardie/st-pierre-amiens,49.9025,2.3045555555555,BON,Qualité de l'air idéale pour les activités extérieures.,QUALITE_AIR_TR,2026-01-20 16:50:15.496575
2026-01-20 16:48:37.899995,Perpignan,"Perpignan Centre, LangedocRoussillon, France",17,9.0,3.0,12.1,17.1,,https://aqicn.org/city/france/langedocroussillon/perpignan-centre,42.695548,2.900528,BON,Qualité de l'air idéale pour les activités extérieures.,QUALITE_AIR_TR,2026-01-20 16:50:15.496575
2026-01-20 16:48:42.126875,Besancon,"Besançon Prévoyance, France",52,52.0,20.0,6.9,4.7,,https://aqicn.org/city/france/franche-comte/besancon-prevoyance,47.2476193,6.0156502,MODÉRÉ,Qualité acceptable. Aérez les locaux.,QUALITE_AIR_TR,2026-01-20 16:50:15.496575
2026-01-20 16:48:46.046296,Boulogne-Billancourt,"Paris Stade Lenglen, Paris",16,,16.0,10.9,,,https://aqicn.org/city/france/paris/paris-stade-lenglen,48.8303,2.26972,BON,Qualité de l'air idéale pour les activités extérieures.,QUALITE_AIR_TR,2026-01-20 16:50:15.496575
2026-01-20 16:48:50.161729,Annecy,"Annecy Rocade, France",20,,20.0,12.9,,,https://aqicn.org/city/france/rhonealpes/haute-savoie/annecy-rocade,45.909572670468,6.117598950077,BON,Qualité de l'air idéale pour les activités extérieures.,QUALITE_AIR_TR,2026-01-20 16:50:15.496575
2026-01-20 16:48:54.073696,Saint-Denis,"Lislet Geoffroy, Reunion, France",18,33.0,13.0,1.8,17.8,0.6,https://aqicn.org/city/france/reunion/lislet-geoffroy,-20.889833333333,55.469111111111,BON,Qualité de l'air idéale pour les activités extérieures.,QUALITE_AIR_TR,2026-01-20 16:50:15.496575
2026-01-20 16:48:56.299320,Argenteuil,"Gennevilliers, Paris",55,55.0,23.0,13.2,,,https://aqicn.org/city/france/paris/gennevilliers,48.9302,2.29421,MODÉRÉ,Qualité acceptable. Aérez les locaux.,QUALITE_AIR_TR,2026-01-20 16:50:15.496575
2026-01-20 16:48:58.706457,Mulhouse,"Briand, Mulhouse, Alsace, France",62,62.0,25.0,16.9,6.0,0.6,https://aqicn.org/city/france/alsace/mulhouse/briand,47.747684,7.321364,MODÉRÉ,Qualité acceptable. Aérez les locaux.,QUALITE_AIR_TR,2026-01-20 16:50:15.496575
2026-01-20 16:49:00.888519,Montreuil,"Bobigny, Paris",50,50.0,17.0,11.2,,,https://aqicn.org/city/france/paris/bobigny,48.9024,2.45261,BON,Qualité de l'air idéale pour les activités extérieures.,QUALITE_AIR_TR,2026-01-20 16:50:15.496575
2026-01-20 16:49:03.291627,Caen,"Caen Chemin-Vert Square Schuman, France",31,9.0,,,30.5,,https://aqicn.org/city/france/normandie/caen-chemin-vert-square-schuman,49.1922082793814,-0.391111312781115,BON,Qualité de l'air idéale pour les activités extérieures.,QUALITE_AIR_TR,2026-01-20 16:50:15.496575
2026-01-20 16:49:05.633641,Saint-Paul,"Chaussee Royale, Reunion, France",1,26.0,1.0,2.2,8.6,1.2,https://aqicn.org/city/france/reunion/chaussee-royale,-21.011038888889,55.274694444444,BON,Qualité de l'air idéale pour les activités extérieures.,QUALITE_AIR_TR,2026-01-20 16:50:15.496575
2026-01-20 16:49:08.079577,Roubaix,"Roubaix Serres, Nord-Pas-de-Calais, France",63,63.0,16.0,9.2,15.6,1.1,https://aqicn.org/city/france/nord-pas-de-calais/roubaix-serres,50.70654444444419,3.1806611810675345,MODÉRÉ,Qualité acceptable. Aérez les locaux.,QUALITE_AIR_TR,2026-01-20 16:50:15.496575
2026-01-20 16:49:10.326267,Tourcoing,"Roubaix Serres, Nord-Pas-de-Calais, France",63,63.0,16.0,9.2,15.6,1.1,https://aqicn.org/city/france/nord-pas-de-calais/roubaix-serres,50.70654444444419,3.1806611810675345,MODÉRÉ,Qualité acceptable. Aérez les locaux.,QUALITE_AIR_TR,2026-01-20 16:50:15.496575
2026-01-20 16:49:12.712741,Nanterre,"La Defense, Paris",50,50.0,,13.3,,,https://aqicn.org/city/france/paris/la-defense,48.8913,2.24064,BON,Qualité de l'air idéale pour les activités extérieures.,QUALITE_AIR_TR,2026-01-20 16:50:15.496575
2026-01-20 16:49:16.958505,Avignon,"Avignon Mairie, PACA, France",58,58.0,21.0,7.8,12.2,,https://aqicn.org/city/france/paca/avignon-mairie,43.949673,4.804341,MODÉRÉ,Qualité acceptable. Aérez les locaux.,QUALITE_AIR_TR,2026-01-20 16:50:15.496575
2026-01-20 16:49:20.657063,Vitry-sur-Seine,Paris,59,59.0,32.0,18.6,7.4,0.6,https://aqicn.org/city/paris,48.856614,2.3522219,MODÉRÉ,Qualité acceptable. Aérez les locaux.,QUALITE_AIR_TR,2026-01-20 16:50:15.496575
2026-01-20 16:49:22.881163,Creteil,"Nogent-sur-marne, Paris",20,,20.0,,,,https://aqicn.org/city/france/paris/nogent-sur-marne,48.8408,2.4844,BON,Qualité de l'air idéale pour les activités extérieures.,QUALITE_AIR_TR,2026-01-20 16:50:15.496575
2026-01-20 16:49:25.218420,Poitiers,"Poitiers Centre, PoitouCharentes, France",18,17.0,9.0,6.4,17.5,,https://aqicn.org/city/france/poitoucharentes/poitiers-centre,46.583958333334,0.34560277777775,BON,Qualité de l'air idéale pour les activités extérieures.,QUALITE_AIR_TR,2026-01-20 16:50:15.496575
2026-01-20 16:49:27.586333,Dunkerque,"mer-cheminot, St Pol, Nord-Pas-de-Calais, France",53,53.0,15.0,7.4,11.4,0.6,https://aqicn.org/city/france/nord-pas-de-calais/st-pol/mer-cheminot,51.03276112413968,2.3323583360265743,MODÉRÉ,Qualité acceptable. Aérez les locaux.,QUALITE_AIR_TR,2026-01-20 16:50:15.496575
2026-01-20 16:49:29.824620,Aubervilliers,Paris,59,59.0,32.0,18.6,7.4,0.6,https://aqicn.org/city/paris,48.856614,2.3522219,MODÉRÉ,Qualité acceptable. Aérez les locaux.,QUALITE_AIR_TR,2026-01-20 16:50:15.496575
2026-01-20 16:49:32.062890,Le Mans,"Sources, Le Mans, Loire, France",26,14.0,5.0,2.5,26.3,,https://aqicn.org/city/france/loire/le-mans/sources,47.9711,0.221456,BON,Qualité de l'air idéale pour les activités extérieures.,QUALITE_AIR_TR,2026-01-20 16:50:15.496575
2026-01-20 16:49:34.379659,Colombes,"La Defense, Paris",50,50.0,,13.3,,,https://aqicn.org/city/france/paris/la-defense,48.8913,2.24064,BON,Qualité de l'air idéale pour les activités extérieures.,QUALITE_AIR_TR,2026-01-20 16:50:15.496575
2026-01-20 16:49:36.600557,Asnieres-sur-Seine,"Gennevilliers, Paris",55,55.0,23.0,13.2,,,https://aqicn.org/city/france/paris/gennevilliers,48.9302,2.29421,MODÉRÉ,Qualité acceptable. Aérez les locaux.,QUALITE_AIR_TR,2026-01-20 16:50:15.496575
2026-01-20 16:49:38.876788,Aulnay-sous-Bois,"Bobigny, Paris",50,50.0,17.0,11.2,,,https://aqicn.org/city/france/paris/bobigny,48.9024,2.45261,BON,Qualité de l'air idéale pour les activités extérieures.,QUALITE_AIR_TR,2026-01-20 16:50:15.496575
2026-01-20 16:49:41.305961,Courbevoie,"La Defense, Paris",50,50.0,,13.3,,,https://aqicn.org/city/france/paris/la-defense,48.8913,2.24064,BON,Qualité de l'air idéale pour les activités extérieures.,QUALITE_AIR_TR,2026-01-20 16:50:15.496575
2026-01-20 16:49:44.524313,Cherbourg,"Cherbourg - Hôtel-de-ville, France",29,17.0,,,29.3,,https://aqicn.org/city/france/normandie/cherbourg-hotel-de-ville,49.642167,-1.624472,BON,Qualité de l'air idéale pour les activités extérieures.,QUALITE_AIR_TR,2026-01-20 16:50:15.496575
2026-01-20 16:49:46.763961,Reims,"Doumer, Reims, Champagne Ardenne, France",30,30.0,16.0,12.3,9.9,1.3,https://aqicn.org/city/france/champagne-ardenne/reims/doumer,49.2507,4.0230805555557,BON,Qualité de l'air idéale pour les activités extérieures.,QUALITE_AIR_TR,2026-01-20 16:50:15.496575
