date_collecte,ville_recherchee,station_nom,aqi,pm25,pm10,no2,o3,so2,url_source,lat,lon
2026-01-20 17:09:26.093151,Paris,Paris,59,59.0,32.0,18.6,7.4,0.6,https://aqicn.org/city/paris,48.856614,2.3522219
2026-01-20 17:09:28.364269,Marseille,"Marseille 5 Avenues, PACA, France",30,15.0,7.0,2.9,29.9,0.2,https://aqicn.org/city/france/paca/marseille-5-avenues,43.305287,5.394716
2026-01-20 17:09:30.738923,Lyon,"Lyon Trafic Jaurès, France",22,,22.0,17.7,,,https://aqicn.org/city/france/rhonealpes/rhone/lyon-trafic-jaures,45.74972628,4.84439392
2026-01-20 17:09:33.005545,Lille,"Lille Leeds, Nord-Pas-de-Calais, France",61,61.0,8.0,20.6,15.6,1.1,https://aqicn.org/city/france/nord-pas-de-calais/lille-leeds,50.640794444443976,3.074772222222191
2026-01-20 17:09:35.192959,Toulouse,"Toulouse Berthelot, France",23,7.0,3.0,4.9,22.5,,https://aqicn.org/city/france/midipyrenees/toulouse-berthelot,43.5873309,1.444026232
2026-01-20 17:09:37.312224,Nice,"Nice Arson, PACA, France",34,34.0,18.0,2.3,31.1,1.1,https://aqicn.org/city/france/paca/nice-arson,43.702075,7.286256
2026-01-20 17:09:39.587682,Nantes,"Bouteillerie, Nantes, Loire, France",31,17.0,8.0,2.2,31.2,,https://aqicn.org/city/france/loire/nantes/bouteillerie,47.2222,-1.53743
2026-01-20 17:09:41.788311,Strasbourg,"Clemenceau, Strasbourg, Alsace, France",23,63.0,23.0,13.5,2.1,,https://aqicn.org/city/france/alsace/strasbourg/clemenceau,48.59043,7.744983
2026-01-20 17:09:44.009153,Bordeaux,"Grand Parc, Bordeaux, Aquitaine, France",38,38.0,12.0,4.2,22.8,,https://aqicn.org/city/france/aquitaine/bordeaux/grand-parc,44.858413102209,-0.584282227097
2026-01-20 17:09:46.237182,Rennes,"Thabor, Rennes, France",28,18.0,8.0,1.9,28.2,,https://aqicn.org/city/france/bretagne/rennes/thabor,48.11521,-1.673088
2026-01-20 17:09:48.459852,Montpellier,"Prés d'Arènes, LangedocRoussillon, France",35,35.0,13.0,6.3,19.0,,https://aqicn.org/city/france/langedocroussillon/pres-darenes,43.591486,3.886814
2026-01-20 17:09:50.774767,Grenoble,"Grenoble Les Frenes, France",38,38.0,17.0,10.8,10.9,1.1,https://aqicn.org/city/france/rhonealpes/isere/grenoble-les-frenes,45.162232917637,5.73567122388
2026-01-20 17:09:53.135923,Rouen,"Palais De Justice, Rouen, France",25,21.0,,,24.8,1.1,https://aqicn.org/city/france/rouen/palais-de-justice,49.4424766601236,1.0936962257792
2026-01-20 17:09:55.379140,Clermont-Ferrand,"Montferrand, Clermont, Auvergne, France",40,40.0,16.0,10.0,11.2,,https://aqicn.org/city/france/auvergne/clermont/montferrand,45.79806,3.11333
2026-01-20 17:09:57.572690,Nancy,"Charles III, Nancy-Centre, France",27,67.0,27.0,9.6,5.6,0.3,https://aqicn.org/city/france/lorraine/nancy-centre/charles-iii,48.6881386056889,6.190433846941978
2026-01-20 17:09:59.735433,Metz,"Récollets, Metz-Centre, France",40,40.0,7.0,7.0,4.1,1.6,https://aqicn.org/city/france/lorraine/metz-centre/recollets,49.119682835312,6.18092604026791
2026-01-20 17:10:02.837289,Tours,"Pompidou, Tours, France",26,18.0,4.0,13.9,26.1,,https://aqicn.org/city/france/region-centre/tours/pompidou,47.395,0.7046
2026-01-20 17:10:05.052685,Orleans,"Gambetta, Orléans, France",26,9.0,7.0,11.3,25.5,,https://aqicn.org/city/france/region-centre/orleans/gambetta,47.9071,1.90109
2026-01-20 17:10:07.362257,Dijon,"Tremouille, France",13,23.0,13.0,10.9,3.8,,https://aqicn.org/city/france/bourgogne/tremouille,47.325745,5.041056
2026-01-20 17:10:09.614134,Angers,"Roi Rene, Angers, Loire, France",32,4.0,9.0,3.9,32.2,,https://aqicn.org/city/france/loire/angers/roi-rene,47.466937999983,-0.554641
2026-01-20 17:10:11.912397,Le Havre,"Rue  Lafaurie (coté Montant), Le Havre, France",25,25.0,,,,,https://aqicn.org/city/france/le-havre/rue--lafaurie-cote-montant,49.5001917595947,0.110902803971606
2026-01-20 17:10:14.117922,Brest,"Ecole Jean Macé, Brest, France",36,19.0,10.0,3.5,35.6,,https://aqicn.org/city/france/bretagne/brest/jean-mace,48.38618,-4.4866
2026-01-20 17:10:16.459501,Limoges,"Limoges trafic, France",7,,7.0,17.0,,,https://aqicn.org/city/france/limousin/limoges-trafic,45.829949408357,1.25484522882
2026-01-20 17:10:18.657368,Amiens,"St Pierre Amiens, Picardie, France",50,50.0,14.0,5.1,9.4,3.1,https://aqicn.org/city/france/picardie/st-pierre-amiens,49.9025,2.3045555555555
2026-01-20 17:10:21.064336,Perpignan,"Perpignan Centre, LangedocRoussillon, France",17,9.0,3.0,12.1,17.1,,https://aqicn.org/city/france/langedocroussillon/perpignan-centre,42.695548,2.900528
2026-01-20 17:10:23.199485,Besancon,"Besançon Prévoyance, France",62,62.0,17.0,9.9,4.5,,https://aqicn.org/city/france/franche-comte/besancon-prevoyance,47.2476193,6.0156502
2026-01-20 17:10:25.384062,Boulogne-Billancourt,"Paris Stade Lenglen, Paris",16,,16.0,10.9,,,https://aqicn.org/city/france/paris/paris-stade-lenglen,48.8303,2.26972
2026-01-20 17:10:27.536985,Annecy,"Annecy Rocade, France",20,,20.0,16.7,,,https://aqicn.org/city/france/rhonealpes/haute-savoie/annecy-rocade,45.909572670468,6.117598950077
2026-01-20 17:10:29.762653,Saint-Denis,"Lislet Geoffroy, Reunion, France",18,33.0,13.0,1.8,17.8,0.6,https://aqicn.org/city/france/reunion/lislet-geoffroy,-20.889833333333,55.469111111111
2026-01-20 17:10:31.970311,Argenteuil,"Gennevilliers, Paris",55,55.0,23.0,13.2,,,https://aqicn.org/city/france/paris/gennevilliers,48.9302,2.29421
2026-01-20 17:10:34.126428,Mulhouse,"Briand, Mulhouse, Alsace, France",62,62.0,24.0,16.9,6.0,0.6,https://aqicn.org/city/france/alsace/mulhouse/briand,47.747684,7.321364
2026-01-20 17:10:36.276155,Montreuil,"Bobigny, Paris",50,50.0,17.0,11.2,,,https://aqicn.org/city/france/paris/bobigny,48.9024,2.45261
2026-01-20 17:10:38.500005,Caen,"Caen Chemin-Vert Square Schuman, France",31,9.0,,,30.5,,https://aqicn.org/city/france/normandie/caen-chemin-vert-square-schuman,49.1922082793814,-0.391111312781115
2026-01-20 17:10:40.731435,Saint-Paul,"Chaussee Royale, Reunion, France",1,26.0,1.0,2.2,8.6,1.2,https://aqicn.org/city/france/reunion/chaussee-royale,-21.011038888889,55.274694444444
2026-01-20 17:10:43.101926,Roubaix,"Roubaix Serres, Nord-Pas-de-Calais, France",63,63.0,16.0,9.2,15.6,1.1,https://aqicn.org/city/france/nord-pas-de-calais/roubaix-serres,50.70654444444419,3.1806611810675345
2026-01-20 17:10:45.320650,Tourcoing,"Roubaix Serres, Nord-Pas-de-Calais, France",63,63.0,16.0,9.2,15.6,1.1,https://aqicn.org/city/france/nord-pas-de-calais/roubaix-serres,50.70654444444419,3.1806611810675345
2026-01-20 17:10:47.520390,Nanterre,"La Defense, Paris",50,50.0,,13.3,,,https://aqicn.org/city/france/paris/la-defense,48.8913,2.24064
2026-01-20 17:10:49.838246,Avignon,"Avignon Mairie, PACA, France",59,59.0,20.0,9.3,10.9,,https://aqicn.org/city/france/paca/avignon-mairie,43.949673,4.804341
2026-01-20 17:10:52.713475,Vitry-sur-Seine,Paris,59,59.0,32.0,18.6,7.4,0.6,https://aqicn.org/city/paris,48.856614,2.3522219
2026-01-20 17:10:54.926915,Creteil,"Nogent-sur-marne, Paris",20,,20.0,,,,https://aqicn.org/city/france/paris/nogent-sur-marne,48.8408,2.4844
2026-01-20 17:10:57.239578,Poitiers,"Poitiers Centre, PoitouCharentes, France",18,17.0,9.0,6.4,17.5,,https://aqicn.org/city/france/poitoucharentes/poitiers-centre,46.583958333334,0.34560277777775
2026-01-20 17:10:59.439359,Dunkerque,"mer-cheminot, St Pol, Nord-Pas-de-Calais, France",53,53.0,15.0,7.4,11.4,0.6,https://aqicn.org/city/france/nord-pas-de-calais/st-pol/mer-cheminot,51.03276112413968,2.3323583360265743
2026-01-20 17:11:01.753479,Aubervilliers,Paris,59,59.0,32.0,18.6,7.4,0.6,https://aqicn.org/city/paris,48.856614,2.3522219
2026-01-20 17:11:03.943199,Le Mans,"Sources, Le Mans, Loire, France",26,18.0,6.0,2.6,26.3,,https://aqicn.org/city/france/loire/le-mans/sources,47.9711,0.221456
2026-01-20 17:11:06.180867,Colombes,"La Defense, Paris",50,50.0,,13.3,,,https://aqicn.org/city/france/paris/la-defense,48.8913,2.24064
2026-01-20 17:11:08.394872,Asnieres-sur-Seine,"Gennevilliers, Paris",55,55.0,23.0,13.2,,,https://aqicn.org/city/france/paris/gennevilliers,48.9302,2.29421
2026-01-20 17:11:10.631668,Aulnay-sous-Bois,"Bobigny, Paris",50,50.0,17.0,11.2,,,https://aqicn.org/city/france/paris/bobigny,48.9024,2.45261
2026-01-20 17:11:12.976545,Courbevoie,"La Defense, Paris",50,50.0,,13.3,,,https://aqicn.org/city/france/paris/la-defense,48.8913,2.24064
2026-01-20 17:11:15.199574,Cherbourg,"Cherbourg - Hôtel-de-ville, France",29,17.0,,,29.3,,https://aqicn.org/city/france/normandie/cherbourg-hotel-de-ville,49.642167,-1.624472
2026-01-20 17:11:17.457288,Reims,"Doumer, Reims, Champagne Ardenne, France",30,30.0,12.0,12.3,9.9,1.3,https://aqicn.org/city/france/champagne-ardenne/reims/doumer,49.2507,4.0230805555557
